method,buffer_size,sync_mode,total_bytes,real_sec,user_sec,sys_sec,mib_per_sec,notes
read,1,n/a,524288000,245.518667698,109.513810000,135.347544000,2.036505,read()
read,2,n/a,524288000,122.690919054,53.893181000,68.485185000,4.075281,read()
read,4,n/a,524288000,61.373927875,27.070636000,34.149823000,8.146782,read()
read,8,n/a,524288000,30.924880136,13.443567000,17.403910000,16.168211,read()
read,16,n/a,524288000,15.449004911,7.071972000,8.337526000,32.364544,read()
read,32,n/a,524288000,7.967304148,3.445333000,4.501508000,62.756485,read()
read,64,n/a,524288000,3.994719952,2.134229000,1.849846000,125.165220,read()
read,128,n/a,524288000,2.003122526,0.972415000,1.025255000,249.610293,read()
read,256,n/a,524288000,1.000496612,0.510262000,0.487258000,499.751817,read()
read,512,n/a,524288000,0.501895964,0.240138000,0.260053000,996.222396,read()
read,1024,n/a,524288000,0.252193553,0.106699000,0.144605000,1982.604210,read()
read,2048,n/a,524288000,0.141084506,0.039903000,0.100711000,3543.975268,read()
read,4096,n/a,524288000,0.084183504,0.025998000,0.057906000,5939.405896,read()
read,8192,n/a,524288000,0.053670470,0.013800000,0.039670000,9316.109958,read()
read,16384,n/a,524288000,0.039754632,0.007312000,0.032311000,12577.150758,read()
read,32768,n/a,524288000,0.031439052,0.001737000,0.029596000,15903.787430,read()
read,65536,n/a,524288000,0.028356466,0.000159000,0.028105000,17632.662688,read()
read,16777216,n/a,524288000,0.027136097,0.000061000,0.026986000,18425.641683,read()
getc,1,n/a,524288000,1.335949886,1.266041000,0.066135000,374.265536,getc() macro path
fgetc,1,n/a,524288000,1.234913793,1.156086000,0.075269000,404.886562,fgetc() function path
fread,1,n/a,524288000,3.427497754,3.359709000,0.058465000,145.879016,fread()
fread,2,n/a,524288000,1.861225168,1.792150000,0.063920000,268.640253,fread()
fread,4,n/a,524288000,0.999440213,0.923046000,0.073430000,500.280050,fread()
fread,8,n/a,524288000,0.515403365,0.464587000,0.049047000,970.113961,fread()
fread,16,n/a,524288000,0.297103947,0.248173000,0.047896000,1682.912681,fread()
fread,32,n/a,524288000,0.189141385,0.138590000,0.049892000,2643.525107,fread()
fread,64,n/a,524288000,0.132786812,0.088594000,0.043735000,3765.434176,fread()
fread,128,n/a,524288000,0.111371468,0.053527000,0.057456000,4489.480196,fread()
fread,256,n/a,524288000,0.100422391,0.041051000,0.059026000,4978.969282,fread()
fread,512,n/a,524288000,0.100096743,0.039902000,0.059847000,4995.167525,fread()
fread,1024,n/a,524288000,0.100309680,0.034024000,0.065950000,4984.563803,fread()
fread,2048,n/a,524288000,0.100181621,0.031523000,0.068321000,4990.935413,fread()
fread,4096,n/a,524288000,0.085330216,0.023072000,0.061960000,5859.589058,fread()
fread,8192,n/a,524288000,0.055094921,0.017984000,0.036926000,9075.246700,fread()
fread,16384,n/a,524288000,0.040697182,0.002851000,0.037694000,12285.862938,fread()
fread,32768,n/a,524288000,0.031423835,0.002187000,0.029135000,15911.488843,fread()
fread,65536,n/a,524288000,0.028641008,0.000000000,0.028547000,17457.486134,fread()
fread,16777216,n/a,524288000,0.024084218,0.000000000,0.023997000,20760.483069,fread()
my_fread,1,n/a,524288000,1.621832288,1.575430000,0.041865000,308.293283,custom buffered read()
my_fread,2,n/a,524288000,0.889870094,0.827410000,0.059730000,561.879766,custom buffered read()
my_fread,4,n/a,524288000,0.473259885,0.422650000,0.048958000,1056.501968,custom buffered read()
my_fread,8,n/a,524288000,0.250482663,0.202524000,0.047107000,1996.146136,custom buffered read()
my_fread,16,n/a,524288000,0.146399555,0.108352000,0.037545000,3415.310928,custom buffered read()
my_fread,32,n/a,524288000,0.100711842,0.054659000,0.045675000,4964.659469,custom buffered read()
my_fread,64,n/a,524288000,0.076365044,0.040025000,0.036072000,6547.498356,custom buffered read()
my_fread,128,n/a,524288000,0.063056179,0.024938000,0.037899000,7929.437018,custom buffered read()
my_fread,256,n/a,524288000,0.062950221,0.021899000,0.040839000,7942.783870,custom buffered read()
my_fread,512,n/a,524288000,0.062949860,0.016919000,0.045814000,7942.829420,custom buffered read()
my_fread,1024,n/a,524288000,0.063013219,0.017942000,0.044855000,7934.843005,custom buffered read()
my_fread,2048,n/a,524288000,0.062861566,0.015880000,0.046767000,7953.985747,custom buffered read()
my_fread,4096,n/a,524288000,0.062825799,0.017862000,0.044732000,7958.513985,custom buffered read()
my_fread,8192,n/a,524288000,0.062893866,0.021876000,0.040801000,7949.900869,custom buffered read()
my_fread,16384,n/a,524288000,0.062913412,0.026863000,0.035827000,7947.430986,custom buffered read()
my_fread,32768,n/a,524288000,0.062952625,0.022365000,0.040372000,7942.480556,custom buffered read()
my_fread,65536,n/a,524288000,0.062970670,0.026900000,0.035860000,7940.204543,custom buffered read()
my_fread,16777216,n/a,524288000,0.064202630,0.029545000,0.034437000,7787.842959,custom buffered read()
write,32,off,8388608,0.249727663,0.033243000,0.215835000,32.034897,write() without O_SYNC
write,64,off,8388608,0.124730508,0.030771000,0.093611000,64.138278,write() without O_SYNC
write,128,off,8388608,0.064392204,0.012101000,0.052118000,124.238642,write() without O_SYNC
write,256,off,8388608,0.033950393,0.001898000,0.031952000,235.637920,write() without O_SYNC
write,512,off,8388608,0.019405771,0.002104000,0.017242000,412.248501,write() without O_SYNC
write,1024,off,8388608,0.011973881,0.001891000,0.010043000,668.120888,write() without O_SYNC
write,2048,off,8388608,0.007606715,0.000000000,0.007582000,1051.702345,write() without O_SYNC
write,4096,off,8388608,0.005421635,0.000000000,0.005404000,1475.569639,write() without O_SYNC
write,8192,off,8388608,0.003841614,0.000000000,0.003822000,2082.458050,write() without O_SYNC
write,16384,off,8388608,0.002517271,0.000000000,0.002509000,3178.044796,write() without O_SYNC
write,32768,off,8388608,0.001935876,0.000000000,0.001925000,4132.496089,write() without O_SYNC
write,65536,off,8388608,0.001467050,0.000000000,0.001460000,5453.120206,write() without O_SYNC
write,16777216,off,8388608,0.001200592,0.000090000,0.001103000,6663.379401,write() without O_SYNC
write,32,on,8388608,469.620961342,0.846060000,1.702046000,0.017035,write() with O_SYNC
write,64,on,8388608,234.464829800,0.430009000,0.882575000,0.034120,write() with O_SYNC
write,128,on,8388608,117.217947100,0.210065000,0.448437000,0.068249,write() with O_SYNC
write,256,on,8388608,58.712906117,0.084870000,0.262555000,0.136256,write() with O_SYNC
write,512,on,8388608,29.272059208,0.048209000,0.134452000,0.273298,write() with O_SYNC
write,1024,on,8388608,14.684438207,0.026210000,0.073263000,0.544794,write() with O_SYNC
write,2048,on,8388608,7.363639451,0.012553000,0.048114000,1.086419,write() with O_SYNC
write,4096,on,8388608,3.687219627,0.002703000,0.041472000,2.169656,write() with O_SYNC
write,8192,on,8388608,1.871840974,0.002688000,0.022322000,4.273867,write() with O_SYNC
write,16384,on,8388608,0.934231547,0.001719000,0.010491000,8.563188,write() with O_SYNC
write,32768,on,8388608,0.471389442,0.000000000,0.006726000,16.971106,write() with O_SYNC
write,65536,on,8388608,0.235475181,0.000291000,0.004326000,33.973856,write() with O_SYNC
write,16777216,on,8388608,0.004925932,0.000209000,0.001215000,1624.058148,write() with O_SYNC
